{"stats":{"minecraft:used":{"minecraft:oak_trapdoor":3,"minecraft:quartz_bricks":21,"minecraft:writable_book":1,"minecraft:bricks":25,"minecraft:quartz_pillar":14,"minecraft:flint_and_steel":1,"minecraft:oak_slab":2,"minecraft:light_blue_terracotta":6,"minecraft:lectern":1,"minecraft:pink_terracotta":24,"minecraft:white_terracotta":6,"minecraft:candle":2},"minecraft:custom":{"minecraft:time_since_rest":6786,"minecraft:crouch_one_cm":92,"minecraft:play_time":6786,"minecraft:sprint_one_cm":292,"minecraft:walk_one_cm":8954,"minecraft:sneak_time":138,"minecraft:walk_under_water_one_cm":11792,"minecraft:interact_with_lectern":1,"minecraft:jump":3,"minecraft:leave_game":1,"minecraft:time_since_death":6786,"minecraft:walk_on_water_one_cm":111,"minecraft:total_world_time":9441,"minecraft:fly_one_cm":21425}},"DataVersion":4189}