{
  "minecraft:recipes/decorations/brick_wall": {
    "criteria": {
      "has_bricks": "2025-02-25 22:51:00 +0100"
    },
    "done": true
  },
  "minecraft:recipes/transportation/mangrove_boat": {
    "criteria": {
      "in_water": "2025-02-25 22:49:19 +0100"
    },
    "done": true
  },
  "minecraft:recipes/building_blocks/brick_stairs": {
    "criteria": {
      "has_bricks": "2025-02-25 22:51:00 +0100"
    },
    "done": true
  },
  "minecraft:recipes/building_blocks/quartz_stairs": {
    "criteria": {
      "has_quartz_pillar": "2025-02-25 22:51:26 +0100"
    },
    "done": true
  },
  "minecraft:recipes/building_blocks/quartz_slab": {
    "criteria": {
      "has_quartz_pillar": "2025-02-25 22:51:26 +0100"
    },
    "done": true
  },
  "minecraft:recipes/building_blocks/chiseled_quartz_block": {
    "criteria": {
      "has_quartz_pillar": "2025-02-25 22:51:26 +0100"
    },
    "done": true
  },
  "minecraft:recipes/building_blocks/brick_slab": {
    "criteria": {
      "has_bricks": "2025-02-25 22:51:00 +0100"
    },
    "done": true
  },
  "minecraft:recipes/decorations/white_glazed_terracotta": {
    "criteria": {
      "has_white_terracotta": "2025-02-25 22:52:09 +0100"
    },
    "done": true
  },
  "minecraft:recipes/misc/charcoal": {
    "criteria": {
      "has_log": "2025-02-25 22:51:19 +0100"
    },
    "done": true
  },
  "minecraft:recipes/building_blocks/brick_slab_from_bricks_stonecutting": {
    "criteria": {
      "has_bricks": "2025-02-25 22:51:00 +0100"
    },
    "done": true
  },
  "minecraft:recipes/decorations/pink_glazed_terracotta": {
    "criteria": {
      "has_pink_terracotta": "2025-02-25 22:52:18 +0100"
    },
    "done": true
  },
  "minecraft:recipes/decorations/composter": {
    "criteria": {
      "has_wood_slab": "2025-02-25 22:55:27 +0100"
    },
    "done": true
  },
  "minecraft:recipes/building_blocks/brick_stairs_from_bricks_stonecutting": {
    "criteria": {
      "has_bricks": "2025-02-25 22:51:00 +0100"
    },
    "done": true
  },
  "minecraft:recipes/decorations/crafting_table": {
    "criteria": {
      "unlock_right_away": "2025-02-25 22:48:46 +0100"
    },
    "done": true
  },
  "minecraft:recipes/decorations/chest": {
    "criteria": {
      "has_lots_of_items": "2025-02-25 22:55:42 +0100"
    },
    "done": true
  },
  "minecraft:recipes/decorations/light_blue_glazed_terracotta": {
    "criteria": {
      "has_light_blue_terracotta": "2025-02-25 22:52:04 +0100"
    },
    "done": true
  },
  "minecraft:recipes/misc/field_masoned_banner_pattern": {
    "criteria": {
      "has_bricks": "2025-02-25 22:51:00 +0100"
    },
    "done": true
  },
  "minecraft:recipes/transportation/acacia_boat": {
    "criteria": {
      "in_water": "2025-02-25 22:49:19 +0100"
    },
    "done": true
  },
  "minecraft:recipes/transportation/cherry_boat": {
    "criteria": {
      "in_water": "2025-02-25 22:49:19 +0100"
    },
    "done": true
  },
  "minecraft:recipes/decorations/brick_wall_from_bricks_stonecutting": {
    "criteria": {
      "has_bricks": "2025-02-25 22:51:00 +0100"
    },
    "done": true
  },
  "minecraft:recipes/building_blocks/pale_oak_planks": {
    "criteria": {
      "has_log": "2025-02-25 22:51:19 +0100"
    },
    "done": true
  },
  "minecraft:recipes/transportation/pale_oak_boat": {
    "criteria": {
      "in_water": "2025-02-25 22:49:19 +0100"
    },
    "done": true
  },
  "minecraft:adventure/adventuring_time": {
    "criteria": {
      "minecraft:snowy_plains": "2025-02-25 22:48:47 +0100",
      "minecraft:snowy_taiga": "2025-02-25 22:49:15 +0100"
    },
    "done": false
  },
  "minecraft:recipes/transportation/bamboo_raft": {
    "criteria": {
      "in_water": "2025-02-25 22:49:19 +0100"
    },
    "done": true
  },
  "minecraft:recipes/decorations/barrel": {
    "criteria": {
      "has_wood_slab": "2025-02-25 22:55:27 +0100"
    },
    "done": true
  },
  "minecraft:recipes/building_blocks/quartz_pillar": {
    "criteria": {
      "has_quartz_pillar": "2025-02-25 22:51:26 +0100"
    },
    "done": true
  },
  "minecraft:recipes/transportation/spruce_boat": {
    "criteria": {
      "in_water": "2025-02-25 22:49:19 +0100"
    },
    "done": true
  },
  "minecraft:recipes/transportation/birch_boat": {
    "criteria": {
      "in_water": "2025-02-25 22:49:19 +0100"
    },
    "done": true
  },
  "minecraft:recipes/transportation/oak_boat": {
    "criteria": {
      "in_water": "2025-02-25 22:49:19 +0100"
    },
    "done": true
  },
  "minecraft:recipes/transportation/jungle_boat": {
    "criteria": {
      "in_water": "2025-02-25 22:49:19 +0100"
    },
    "done": true
  },
  "minecraft:recipes/transportation/dark_oak_boat": {
    "criteria": {
      "in_water": "2025-02-25 22:49:19 +0100"
    },
    "done": true
  },
  "DataVersion": 4189
}